productLine,total_orders,revenue
Motorcycles,331,1166388.3400000003
"Classic Cars",967,3919615.659999997
"Trucks and Buses",301,1127789.8399999996
"Vintage Cars",607,1903150.8399999992
Planes,306,975003.5700000001
Ships,234,714437.13
Trains,77,226243.46999999997
