month,revenue
11,2118885.67
10,1121215.2199999997
5,923972.56
2,810441.9
1,785874.4400000008
3,754501.3900000001
4,669390.9600000003
8,659310.5699999998
12,634679.1199999998
9,584724.2699999999
7,514875.9700000001
6,454756.77999999985
