productLine,revenue,percentage
Motorcycles,1166388.3400000003,11.62594926453398
"Classic Cars",3919615.659999997,39.06867999009046
"Trucks and Buses",1127789.8399999996,11.241219593207601
"Vintage Cars",1903150.8399999992,18.96961273515064
Planes,975003.5700000001,9.718325920130086
Ships,714437.13,7.12113585264344
Trains,226243.46999999997,2.2550766442436445
